MS_RunID,File Name,Protein,Peptide,Isotope,Start Time,End Time,Total Area Fragment,Total Background Fragment,Background subtracted,TIC,TIC_norm.factor,TIC_normalized_area,APOA1_norm.factor,APOA1_normalized_area,
R14,PAMI-305_human_HDL_R14_0pt25ug_95min_20170124_QE.raw,sp|O14791|APOL1_HUMAN,VTEPISAESGEQVER,light,24.34,25.36,132545472,2831606,129713866,1.56157E+11,1.062833453,137864236.1,1.191784788,164304499.4,
R28,PAMI-305_human_HDL_R28_0pt25ug_95min_20170126_QE.raw,sp|O14791|APOL1_HUMAN,VTEPISAESGEQVER,light,24.76,25.79,149528464,824469,148703995,1.71107E+11,0.969971969,144238706.9,0.987400142,142421319.6,
R42,PAMI-305_human_HDL_R42_0pt25ug_95min_20170127_QE.raw,sp|O14791|APOL1_HUMAN,VTEPISAESGEQVER,light,25.06,26.09,91816720,1095891,90720829,1.25504E+11,1.322417449,119970807.3,0.872498793,104674384.5,
R56,PAMI-305_human_HDL_R56_0pt25ug_95min_20170128_QE.raw,sp|O14791|APOL1_HUMAN,VTEPISAESGEQVER,light,24.94,25.97,141822880,1451847,140371033,1.56774E+11,1.058654408,148604412.9,0.864628413,128487597.7,
R70,PAMI-305_human_HDL_R70_0pt25ug_95min_20170129_QE.raw,sp|O14791|APOL1_HUMAN,VTEPISAESGEQVER,light,24.52,25.55,92789320,719368,92069952,1.2744E+11,1.302328226,119905297.2,1.010153921,121122806.1,
R84,PAMI-305_human_HDL_R84_0pt25ug_95min_20170130_QE.raw,sp|O14791|APOL1_HUMAN,VTEPISAESGEQVER,light,24.31,25.39,131293120,299834,130993286,1.59597E+11,1.03992582,136223300.4,1.10749912,150867185.2,
R98,PAMI-305_human_HDL_R98_0pt25ug_95min_20170131_QE.raw,sp|O14791|APOL1_HUMAN,VTEPISAESGEQVER,light,25.15,26.23,119361272,0,119361272,1.79092E+11,0.926723685,110614917.8,1.025839341,113473134.4,
R14,PAMI-305_human_HDL_R14_0pt25ug_95min_20170124_QE.raw,sp|O95445|APOM_HUMAN,AFLLTPR,light,37.76,38.96,657317632,5475320,651842312,1.56157E+11,1.062833453,692799815.2,1.191784788,825668281.1,
R28,PAMI-305_human_HDL_R28_0pt25ug_95min_20170126_QE.raw,sp|O95445|APOM_HUMAN,AFLLTPR,light,38.18,39.39,651092928,3322767,647770161,1.71107E+11,0.969971969,628318898.7,0.987400142,620402169.8,
R42,PAMI-305_human_HDL_R42_0pt25ug_95min_20170127_QE.raw,sp|O95445|APOM_HUMAN,AFLLTPR,light,38.54,39.75,423002752,3200513,419802239,1.25504E+11,1.322417449,555153806.1,0.872498793,484371025.7,
R56,PAMI-305_human_HDL_R56_0pt25ug_95min_20170128_QE.raw,sp|O95445|APOM_HUMAN,AFLLTPR,light,38.36,39.57,596081984,3388977,592693007,1.56774E+11,1.058654408,627457064.6,0.864628413,542517206.2,
R70,PAMI-305_human_HDL_R70_0pt25ug_95min_20170129_QE.raw,sp|O95445|APOM_HUMAN,AFLLTPR,light,38.12,39.33,437020800,2060230,434960570,1.2744E+11,1.302328226,566461427.3,1.010153921,572213231.8,
R84,PAMI-305_human_HDL_R84_0pt25ug_95min_20170130_QE.raw,sp|O95445|APOM_HUMAN,AFLLTPR,light,38.09,39.28,599598976,7401451,592197525,1.59597E+11,1.03992582,615841496.8,1.10749912,682043915.6,
R98,PAMI-305_human_HDL_R98_0pt25ug_95min_20170131_QE.raw,sp|O95445|APOM_HUMAN,AFLLTPR,light,38.81,40,770146048,323989,769822059,1.79092E+11,0.926723685,713412335.3,1.025839341,731846439.8,
R14,PAMI-305_human_HDL_R14_0pt25ug_95min_20170124_QE.raw,sp|P00738|HPT_HUMAN,YVMLPVADQDQCIR,light,42.94,43.55,2743955,0,2743955,1.56157E+11,1.062833453,2916367.167,1.191784788,3475682.027,
R28,PAMI-305_human_HDL_R28_0pt25ug_95min_20170126_QE.raw,sp|P00738|HPT_HUMAN,YVMLPVADQDQCIR,light,43.37,43.97,3446221,0,3446221,1.71107E+11,0.969971969,3342737.77,0.987400142,3300619.749,
R42,PAMI-305_human_HDL_R42_0pt25ug_95min_20170127_QE.raw,sp|P00738|HPT_HUMAN,YVMLPVADQDQCIR,light,43.55,44.15,472845,0,472845,1.25504E+11,1.322417449,625298.4788,0.872498793,545572.168,
R56,PAMI-305_human_HDL_R56_0pt25ug_95min_20170128_QE.raw,sp|P00738|HPT_HUMAN,YVMLPVADQDQCIR,light,43.37,43.97,50222,0,50222,1.56774E+11,1.058654408,53167.74169,0.864628413,45970.34014,
R70,PAMI-305_human_HDL_R70_0pt25ug_95min_20170129_QE.raw,sp|P00738|HPT_HUMAN,YVMLPVADQDQCIR,light,43.19,43.79,938898,0,938898,1.2744E+11,1.302328226,1222753.366,1.010153921,1235169.107,
R84,PAMI-305_human_HDL_R84_0pt25ug_95min_20170130_QE.raw,sp|P00738|HPT_HUMAN,YVMLPVADQDQCIR,light,43.15,43.75,1092351,0,1092351,1.59597E+11,1.03992582,1135964.009,1.10749912,1258079.14,
R98,PAMI-305_human_HDL_R98_0pt25ug_95min_20170131_QE.raw,sp|P00738|HPT_HUMAN,YVMLPVADQDQCIR,light,43.81,44.4,702951,0,702951,1.79092E+11,0.926723685,651441.3411,1.025839341,668274.1559,
R14,PAMI-305_human_HDL_R14_0pt25ug_95min_20170124_QE.raw,sp|P00739|HPTR_HUMAN,VGYVSGWGQSDNFK,light,38.89,39.56,7088936,0,7088936,1.56157E+11,1.062833453,7534358.327,1.191784788,8979333.643,
R28,PAMI-305_human_HDL_R28_0pt25ug_95min_20170126_QE.raw,sp|P00739|HPTR_HUMAN,VGYVSGWGQSDNFK,light,39.31,39.98,7396310,0,7396310,1.71107E+11,0.969971969,7174213.376,0.987400142,7083819.306,
R42,PAMI-305_human_HDL_R42_0pt25ug_95min_20170127_QE.raw,sp|P00739|HPTR_HUMAN,VGYVSGWGQSDNFK,light,39.62,40.28,6333068,0,6333068,1.25504E+11,1.322417449,8374959.631,0.872498793,7307142.169,
R56,PAMI-305_human_HDL_R56_0pt25ug_95min_20170128_QE.raw,sp|P00739|HPTR_HUMAN,VGYVSGWGQSDNFK,light,39.38,40.1,6379569,0,6379569,1.56774E+11,1.058654408,6753758.845,0.864628413,5839491.794,
R70,PAMI-305_human_HDL_R70_0pt25ug_95min_20170129_QE.raw,sp|P00739|HPTR_HUMAN,VGYVSGWGQSDNFK,light,39.13,39.8,8501246,0,8501246,1.2744E+11,1.302328226,11071412.62,1.010153921,11183830.86,
R84,PAMI-305_human_HDL_R84_0pt25ug_95min_20170130_QE.raw,sp|P00739|HPTR_HUMAN,VGYVSGWGQSDNFK,light,39.09,39.75,8940181,0,8940181,1.59597E+11,1.03992582,9297125.057,1.10749912,10296557.82,
R98,PAMI-305_human_HDL_R98_0pt25ug_95min_20170131_QE.raw,sp|P00739|HPTR_HUMAN,VGYVSGWGQSDNFK,light,39.88,40.47,4958623,0,4958623,1.79092E+11,0.926723685,4595273.379,1.025839341,4714012.214,
R14,PAMI-305_human_HDL_R14_0pt25ug_95min_20170124_QE.raw,sp|P01009|A1AT_HUMAN,SVLGQLGITK,light,42.23,43.44,34260472,0,34260472,1.56157E+11,1.062833453,36413175.76,1.191784788,43396668.96,
R28,PAMI-305_human_HDL_R28_0pt25ug_95min_20170126_QE.raw,sp|P01009|A1AT_HUMAN,SVLGQLGITK,light,42.71,43.8,46211440,0,46211440,1.71107E+11,0.969971969,44823801.46,0.987400142,44259027.92,
R42,PAMI-305_human_HDL_R42_0pt25ug_95min_20170127_QE.raw,sp|P01009|A1AT_HUMAN,SVLGQLGITK,light,43.08,44.16,35007720,0,35007720,1.25504E+11,1.322417449,46294819.79,0.872498793,40392174.38,
R56,PAMI-305_human_HDL_R56_0pt25ug_95min_20170128_QE.raw,sp|P01009|A1AT_HUMAN,SVLGQLGITK,light,42.87,44.02,48961308,0,48961308,1.56774E+11,1.058654408,51833104.55,0.864628413,44816374.94,
R70,PAMI-305_human_HDL_R70_0pt25ug_95min_20170129_QE.raw,sp|P01009|A1AT_HUMAN,SVLGQLGITK,light,42.63,43.72,27343210,0,27343210,1.2744E+11,1.302328226,35609834.16,1.010153921,35971413.6,
R84,PAMI-305_human_HDL_R84_0pt25ug_95min_20170130_QE.raw,sp|P01009|A1AT_HUMAN,SVLGQLGITK,light,42.6,43.68,22459332,0,22459332,1.59597E+11,1.03992582,23356039.25,1.10749912,25866792.91,
R98,PAMI-305_human_HDL_R98_0pt25ug_95min_20170131_QE.raw,sp|P01009|A1AT_HUMAN,SVLGQLGITK,light,43.39,44.52,27371808,0,27371808,1.79092E+11,0.926723685,25366102.77,1.025839341,26021546.15,
R14,PAMI-305_human_HDL_R14_0pt25ug_95min_20170124_QE.raw,sp|P01024|CO3_HUMAN,SSLSVPYVIVPLK,light,56.58,57.18,7544455,0,7544455,1.56157E+11,1.062833453,8018499.158,1.191784788,9556325.321,
R28,PAMI-305_human_HDL_R28_0pt25ug_95min_20170126_QE.raw,sp|P01024|CO3_HUMAN,SSLSVPYVIVPLK,light,56.88,57.49,7932236,0,7932236,1.71107E+11,0.969971969,7694046.574,0.987400142,7597102.679,
R42,PAMI-305_human_HDL_R42_0pt25ug_95min_20170127_QE.raw,sp|P01024|CO3_HUMAN,SSLSVPYVIVPLK,light,57.12,57.73,5105121,0,5105121,1.25504E+11,1.322417449,6751101.091,0.872498793,5890327.553,
R56,PAMI-305_human_HDL_R56_0pt25ug_95min_20170128_QE.raw,sp|P01024|CO3_HUMAN,SSLSVPYVIVPLK,light,56.94,57.55,6261667,0,6261667,1.56774E+11,1.058654408,6628941.373,0.864628413,5731571.061,
R70,PAMI-305_human_HDL_R70_0pt25ug_95min_20170129_QE.raw,sp|P01024|CO3_HUMAN,SSLSVPYVIVPLK,light,56.76,57.37,4472428,0,4472428,1.2744E+11,1.302328226,5824569.221,1.010153921,5883711.436,
R84,PAMI-305_human_HDL_R84_0pt25ug_95min_20170130_QE.raw,sp|P01024|CO3_HUMAN,SSLSVPYVIVPLK,light,56.85,57.44,5698001,0,5698001,1.59597E+11,1.03992582,5925498.362,1.10749912,6562484.22,
R98,PAMI-305_human_HDL_R98_0pt25ug_95min_20170131_QE.raw,sp|P01024|CO3_HUMAN,SSLSVPYVIVPLK,light,57.4,57.99,6179507,0,6179507,1.79092E+11,0.926723685,5726695.498,1.025839341,5874669.535,
R14,PAMI-305_human_HDL_R14_0pt25ug_95min_20170124_QE.raw,sp|P02647|APOA1_HUMAN,DLATVYVDVLK,heavy,55.34,56.55,920988544,0,920988544,1.56157E+11,1.062833453,978857434.3,1.191784788,1166587400,
R14,PAMI-305_human_HDL_R14_0pt25ug_95min_20170124_QE.raw,sp|P02647|APOA1_HUMAN,DLATVYVDVLK,light,55.4,56.55,3964253696,1387608,3962866088,1.56157E+11,1.062833453,4211866648,1.191784788,5019638601,
R28,PAMI-305_human_HDL_R28_0pt25ug_95min_20170126_QE.raw,sp|P02647|APOA1_HUMAN,DLATVYVDVLK,heavy,55.7,56.91,1220926976,282396,1220644580,1.71107E+11,0.969971969,1183991027,0.987400142,1169072908,
R28,PAMI-305_human_HDL_R28_0pt25ug_95min_20170126_QE.raw,sp|P02647|APOA1_HUMAN,DLATVYVDVLK,light,55.76,56.97,4710452224,81574200,4628878024,1.71107E+11,0.969971969,4489881932,0.987400142,4433310057,
R42,PAMI-305_human_HDL_R42_0pt25ug_95min_20170127_QE.raw,sp|P02647|APOA1_HUMAN,DLATVYVDVLK,heavy,55.95,57.15,1013362816,132465,1013230351,1.25504E+11,1.322417449,1339913496,0.872498793,1169072908,
R42,PAMI-305_human_HDL_R42_0pt25ug_95min_20170127_QE.raw,sp|P02647|APOA1_HUMAN,DLATVYVDVLK,light,56,57.21,2198430208,2398104,2196032104,1.25504E+11,1.322417449,2904071174,0.872498793,2533798594,
R56,PAMI-305_human_HDL_R56_0pt25ug_95min_20170128_QE.raw,sp|P02647|APOA1_HUMAN,DLATVYVDVLK,heavy,55.76,56.97,1278832512,1635532,1277196980,1.56774E+11,1.058654408,1352110213,0.864628413,1169072908,
R56,PAMI-305_human_HDL_R56_0pt25ug_95min_20170128_QE.raw,sp|P02647|APOA1_HUMAN,DLATVYVDVLK,light,55.76,56.97,4377946624,111820640,4266125984,1.56774E+11,1.058654408,4516353079,0.864628413,3904967197,
R70,PAMI-305_human_HDL_R70_0pt25ug_95min_20170129_QE.raw,sp|P02647|APOA1_HUMAN,DLATVYVDVLK,heavy,55.58,56.79,1112131456,6845891,1105285565,1.2744E+11,1.302328226,1439444589,1.010153921,1454060595,
R70,PAMI-305_human_HDL_R70_0pt25ug_95min_20170129_QE.raw,sp|P02647|APOA1_HUMAN,DLATVYVDVLK,light,55.58,56.79,2810009088,0,2810009088,1.2744E+11,1.302328226,3659554149,1.010153921,3696712972,
R84,PAMI-305_human_HDL_R84_0pt25ug_95min_20170130_QE.raw,sp|P02647|APOA1_HUMAN,DLATVYVDVLK,heavy,55.62,56.82,1026378752,11309096,1015069656,1.59597E+11,1.03992582,1055597144,1.10749912,1169072908,
R84,PAMI-305_human_HDL_R84_0pt25ug_95min_20170130_QE.raw,sp|P02647|APOA1_HUMAN,DLATVYVDVLK,light,55.62,56.81,3326509056,347685,3326161371,1.59597E+11,1.03992582,3458961091,1.10749912,3830796364,
R98,PAMI-305_human_HDL_R98_0pt25ug_95min_20170131_QE.raw,sp|P02647|APOA1_HUMAN,DLATVYVDVLK,heavy,56.21,57.46,1236591104,6854831,1229736273,1.79092E+11,0.926723685,1139625730,1.025839341,1169072908,
R98,PAMI-305_human_HDL_R98_0pt25ug_95min_20170131_QE.raw,sp|P02647|APOA1_HUMAN,DLATVYVDVLK,light,56.22,57.41,3843795712,720758,3843074954,1.79092E+11,0.926723685,3561468583,1.025839341,3653494584,
R14,PAMI-305_human_HDL_R14_0pt25ug_95min_20170124_QE.raw,sp|P02649|APOE_HUMAN,SELEEQLTPVAEETR,light,36.53,37.55,424754368,395781,424358587,1.56157E+11,1.062833453,451022502.3,1.191784788,537521757.4,
R28,PAMI-305_human_HDL_R28_0pt25ug_95min_20170126_QE.raw,sp|P02649|APOE_HUMAN,SELEEQLTPVAEETR,light,36.89,37.91,468412864,176978,468235886,1.71107E+11,0.969971969,454175684.4,0.987400142,448453135.3,
R42,PAMI-305_human_HDL_R42_0pt25ug_95min_20170127_QE.raw,sp|P02649|APOE_HUMAN,SELEEQLTPVAEETR,light,37.19,38.22,280298304,0,280298304,1.25504E+11,1.322417449,370671368.2,0.872498793,323410321.3,
R56,PAMI-305_human_HDL_R56_0pt25ug_95min_20170128_QE.raw,sp|P02649|APOE_HUMAN,SELEEQLTPVAEETR,light,37.01,38.04,429476480,1897414,427579066,1.56774E+11,1.058654408,452658463.1,0.864628413,391381368.7,
R70,PAMI-305_human_HDL_R70_0pt25ug_95min_20170129_QE.raw,sp|P02649|APOE_HUMAN,SELEEQLTPVAEETR,light,36.71,37.73,324203840,1822492,322381348,1.2744E+11,1.302328226,419846328.9,1.010153921,424109415.3,
R84,PAMI-305_human_HDL_R84_0pt25ug_95min_20170130_QE.raw,sp|P02649|APOE_HUMAN,SELEEQLTPVAEETR,light,36.64,37.65,392608800,885912,391722888,1.59597E+11,1.03992582,407362745.5,1.10749912,451153882.1,
R98,PAMI-305_human_HDL_R98_0pt25ug_95min_20170131_QE.raw,sp|P02649|APOE_HUMAN,SELEEQLTPVAEETR,light,37.43,38.44,313318592,5394000,307924592,1.79092E+11,0.926723685,285361012.6,1.025839341,292734553.1,
R14,PAMI-305_human_HDL_R14_0pt25ug_95min_20170124_QE.raw,sp|P02652|APOA2_HUMAN,EQLTPLIK,light,34.51,35.84,84687992,0,84687992,1.56157E+11,1.062833453,90009230.96,1.191784788,107271632.3,
R28,PAMI-305_human_HDL_R28_0pt25ug_95min_20170126_QE.raw,sp|P02652|APOA2_HUMAN,EQLTPLIK,light,34.99,36.2,105628080,0,105628080,1.71107E+11,0.969971969,102456276.8,0.987400142,101165342.2,
R42,PAMI-305_human_HDL_R42_0pt25ug_95min_20170127_QE.raw,sp|P02652|APOA2_HUMAN,EQLTPLIK,light,35.29,35.96,59605036,0,59605036,1.25504E+11,1.322417449,78822739.67,0.872498793,68772745.22,
R56,PAMI-305_human_HDL_R56_0pt25ug_95min_20170128_QE.raw,sp|P02652|APOA2_HUMAN,EQLTPLIK,light,35.11,36.32,127425664,0,127425664,1.56774E+11,1.058654408,134899740.9,0.864628413,116638148.9,
R70,PAMI-305_human_HDL_R70_0pt25ug_95min_20170129_QE.raw,sp|P02652|APOA2_HUMAN,EQLTPLIK,light,34.81,36.02,73859040,0,73859040,1.2744E+11,1.302328226,96188712.5,1.010153921,97165405.07,
R84,PAMI-305_human_HDL_R84_0pt25ug_95min_20170130_QE.raw,sp|P02652|APOA2_HUMAN,EQLTPLIK,light,34.77,35.96,75082920,0,75082920,1.59597E+11,1.03992582,78080667.14,1.10749912,86474270.13,
R98,PAMI-305_human_HDL_R98_0pt25ug_95min_20170131_QE.raw,sp|P02652|APOA2_HUMAN,EQLTPLIK,light,35.52,36.72,80690168,0,80690168,1.79092E+11,0.926723685,74777489.83,1.025839341,76709690.88,
R14,PAMI-305_human_HDL_R14_0pt25ug_95min_20170124_QE.raw,sp|P02656|APOC3_HUMAN,DALSSVQESQVAQQAR,light,29.61,30.64,1960690688,0,1960690688,1.56157E+11,1.062833453,2083887654,1.191784788,2483545607,
R28,PAMI-305_human_HDL_R28_0pt25ug_95min_20170126_QE.raw,sp|P02656|APOC3_HUMAN,DALSSVQESQVAQQAR,light,30.03,31.06,1928702976,49518116,1879184860,1.71107E+11,0.969971969,1822756639,0.987400142,1799790164,
R42,PAMI-305_human_HDL_R42_0pt25ug_95min_20170127_QE.raw,sp|P02656|APOC3_HUMAN,DALSSVQESQVAQQAR,light,30.33,31.36,940267392,26639222,913628170,1.25504E+11,1.322417449,1208197834,0.872498793,1054151152,
R56,PAMI-305_human_HDL_R56_0pt25ug_95min_20170128_QE.raw,sp|P02656|APOC3_HUMAN,DALSSVQESQVAQQAR,light,30.09,31.12,1662526720,0,1662526720,1.56774E+11,1.058654408,1760041241,0.864628413,1521781666,
R70,PAMI-305_human_HDL_R70_0pt25ug_95min_20170129_QE.raw,sp|P02656|APOC3_HUMAN,DALSSVQESQVAQQAR,light,29.79,30.82,1220585344,24169302,1196416042,1.2744E+11,1.302328226,1558126381,1.010153921,1573947473,
R84,PAMI-305_human_HDL_R84_0pt25ug_95min_20170130_QE.raw,sp|P02656|APOC3_HUMAN,DALSSVQESQVAQQAR,light,29.58,30.59,1422533120,0,1422533120,1.59597E+11,1.03992582,1479328921,1.10749912,1638355478,
R98,PAMI-305_human_HDL_R98_0pt25ug_95min_20170131_QE.raw,sp|P02656|APOC3_HUMAN,DALSSVQESQVAQQAR,light,30.46,31.47,1099081344,15223962,1083857382,1.79092E+11,0.926723685,1004436307,1.025839341,1030390279,
R14,PAMI-305_human_HDL_R14_0pt25ug_95min_20170124_QE.raw,sp|P02671|FIBA_HUMAN,ESSSHHPGIAEFPSR,light,22.07,22.61,3280226,0,3280226,1.56157E+11,1.062833453,3486333.926,1.191784788,4154959.74,
R28,PAMI-305_human_HDL_R28_0pt25ug_95min_20170126_QE.raw,sp|P02671|FIBA_HUMAN,ESSSHHPGIAEFPSR,light,22.37,22.91,3805890,0,3805890,1.71107E+11,0.969971969,3691606.618,0.987400142,3645092.899,
R42,PAMI-305_human_HDL_R42_0pt25ug_95min_20170127_QE.raw,sp|P02671|FIBA_HUMAN,ESSSHHPGIAEFPSR,light,22.73,23.28,2493597,0,2493597,1.25504E+11,1.322417449,3297576.184,0.872498793,2877131.24,
R56,PAMI-305_human_HDL_R56_0pt25ug_95min_20170128_QE.raw,sp|P02671|FIBA_HUMAN,ESSSHHPGIAEFPSR,light,22.49,23.03,3571736,0,3571736,1.56774E+11,1.058654408,3781234.062,0.864628413,3269362.407,
R70,PAMI-305_human_HDL_R70_0pt25ug_95min_20170129_QE.raw,sp|P02671|FIBA_HUMAN,ESSSHHPGIAEFPSR,light,22.25,22.79,2199257,0,2199257,1.2744E+11,1.302328226,2864154.466,1.010153921,2893236.864,
R84,PAMI-305_human_HDL_R84_0pt25ug_95min_20170130_QE.raw,sp|P02671|FIBA_HUMAN,ESSSHHPGIAEFPSR,light,22.01,22.55,3304109,0,3304109,1.59597E+11,1.03992582,3436028.261,1.10749912,3805398.275,
R98,PAMI-305_human_HDL_R98_0pt25ug_95min_20170131_QE.raw,sp|P02671|FIBA_HUMAN,ESSSHHPGIAEFPSR,light,22.85,23.44,2368452,0,2368452,1.79092E+11,0.926723685,2194900.565,1.025839341,2251615.349,
R14,PAMI-305_human_HDL_R14_0pt25ug_95min_20170124_QE.raw,sp|P02753|RET4_HUMAN,LLNLDGTCADSYSFVFSR,light,59.05,59.83,10846206,0,10846206,1.56157E+11,1.062833453,11527710.57,1.191784788,13738550.11,
R28,PAMI-305_human_HDL_R28_0pt25ug_95min_20170126_QE.raw,sp|P02753|RET4_HUMAN,LLNLDGTCADSYSFVFSR,light,59.35,60.13,9220275,0,9220275,1.71107E+11,0.969971969,8943408.299,0.987400142,8830722.624,
R42,PAMI-305_human_HDL_R42_0pt25ug_95min_20170127_QE.raw,sp|P02753|RET4_HUMAN,LLNLDGTCADSYSFVFSR,light,59.65,60.44,7674944,0,7674944,1.25504E+11,1.322417449,10149479.87,0.872498793,8855408.934,
R56,PAMI-305_human_HDL_R56_0pt25ug_95min_20170128_QE.raw,sp|P02753|RET4_HUMAN,LLNLDGTCADSYSFVFSR,light,59.41,60.19,11465085,0,11465085,1.56774E+11,1.058654408,12137562.78,0.864628413,10494481.64,
R70,PAMI-305_human_HDL_R70_0pt25ug_95min_20170129_QE.raw,sp|P02753|RET4_HUMAN,LLNLDGTCADSYSFVFSR,light,59.29,60.07,5731612,0,5731612,1.2744E+11,1.302328226,7464440.085,1.010153921,7540233.419,
R84,PAMI-305_human_HDL_R84_0pt25ug_95min_20170130_QE.raw,sp|P02753|RET4_HUMAN,LLNLDGTCADSYSFVFSR,light,59.28,60.05,4698452,0,4698452,1.59597E+11,1.03992582,4886041.549,1.10749912,5411286.714,
R98,PAMI-305_human_HDL_R98_0pt25ug_95min_20170131_QE.raw,sp|P02753|RET4_HUMAN,LLNLDGTCADSYSFVFSR,light,59.78,60.62,5790319,0,5790319,1.79092E+11,0.926723685,5366025.761,1.025839341,5504680.33,
R14,PAMI-305_human_HDL_R14_0pt25ug_95min_20170124_QE.raw,sp|P02760|AMBP_HUMAN,ETLLQDFR,light,42.73,43.51,8096333,0,8096333,1.56157E+11,1.062833453,8605053.559,1.191784788,10255371.93,
R28,PAMI-305_human_HDL_R28_0pt25ug_95min_20170126_QE.raw,sp|P02760|AMBP_HUMAN,ETLLQDFR,light,43.15,43.93,9586915,0,9586915,1.71107E+11,0.969971969,9299038.822,0.987400142,9181872.253,
R42,PAMI-305_human_HDL_R42_0pt25ug_95min_20170127_QE.raw,sp|P02760|AMBP_HUMAN,ETLLQDFR,light,43.39,44.18,7035576,0,7035576,1.25504E+11,1.322417449,9303968.468,0.872498793,8117701.258,
R56,PAMI-305_human_HDL_R56_0pt25ug_95min_20170128_QE.raw,sp|P02760|AMBP_HUMAN,ETLLQDFR,light,43.27,44.05,8203653,0,8203653,1.56774E+11,1.058654408,8684833.412,0.864628413,7509153.733,
R70,PAMI-305_human_HDL_R70_0pt25ug_95min_20170129_QE.raw,sp|P02760|AMBP_HUMAN,ETLLQDFR,light,43.03,43.81,6427817,0,6427817,1.2744E+11,1.302328226,8371127.507,1.010153921,8456127.273,
R84,PAMI-305_human_HDL_R84_0pt25ug_95min_20170130_QE.raw,sp|P02760|AMBP_HUMAN,ETLLQDFR,light,42.99,43.77,5793222,0,5793222,1.59597E+11,1.03992582,6024521.138,1.10749912,6672151.858,
R98,PAMI-305_human_HDL_R98_0pt25ug_95min_20170131_QE.raw,sp|P02760|AMBP_HUMAN,ETLLQDFR,light,43.83,44.6,7402494,0,7402494,1.79092E+11,0.926723685,6860066.518,1.025839341,7037326.115,
R14,PAMI-305_human_HDL_R14_0pt25ug_95min_20170124_QE.raw,sp|P02765|FETUA_HUMAN,FSVVYAK,light,27.75,28.47,3800984,0,3800984,1.56157E+11,1.062833453,4039812.949,1.191784788,4814587.62,
R28,PAMI-305_human_HDL_R28_0pt25ug_95min_20170126_QE.raw,sp|P02765|FETUA_HUMAN,FSVVYAK,light,28.11,28.84,7529408,0,7529408,1.71107E+11,0.969971969,7303314.705,0.987400142,7211293.977,
R42,PAMI-305_human_HDL_R42_0pt25ug_95min_20170127_QE.raw,sp|P02765|FETUA_HUMAN,FSVVYAK,light,28.41,29.14,6561054,0,6561054,1.25504E+11,1.322417449,8676452.295,0.872498793,7570194.155,
R56,PAMI-305_human_HDL_R56_0pt25ug_95min_20170128_QE.raw,sp|P02765|FETUA_HUMAN,FSVVYAK,light,28.23,28.96,8079012,0,8079012,1.56774E+11,1.058654408,8552881.668,0.864628413,7395064.506,
R70,PAMI-305_human_HDL_R70_0pt25ug_95min_20170129_QE.raw,sp|P02765|FETUA_HUMAN,FSVVYAK,light,27.87,28.59,5436397,0,5436397,1.2744E+11,1.302328226,7079973.258,1.010153921,7151862.746,
R84,PAMI-305_human_HDL_R84_0pt25ug_95min_20170130_QE.raw,sp|P02765|FETUA_HUMAN,FSVVYAK,light,27.74,28.45,2189792,0,2189792,1.59597E+11,1.03992582,2277221.241,1.10749912,2522020.52,
R98,PAMI-305_human_HDL_R98_0pt25ug_95min_20170131_QE.raw,sp|P02765|FETUA_HUMAN,FSVVYAK,light,28.61,29.33,4521897,0,4521897,1.79092E+11,0.926723685,4190549.051,1.025839341,4298830.076,
R14,PAMI-305_human_HDL_R14_0pt25ug_95min_20170124_QE.raw,sp|P02766|TTHY_HUMAN,GSPAINVAVHVFR,light,41.79,42.64,5343307,0,5343307,1.56157E+11,1.062833453,5679045.429,1.191784788,6768199.954,#REF!
R28,PAMI-305_human_HDL_R28_0pt25ug_95min_20170126_QE.raw,sp|P02766|TTHY_HUMAN,GSPAINVAVHVFR,light,42.07,42.85,8367310,0,8367310,1.71107E+11,0.969971969,8116056.158,0.987400142,8013795.003,
R42,PAMI-305_human_HDL_R42_0pt25ug_95min_20170127_QE.raw,sp|P02766|TTHY_HUMAN,GSPAINVAVHVFR,light,42.43,43.28,4144446,0,4144446,1.25504E+11,1.322417449,5480687.708,0.872498793,4781893.41,
R56,PAMI-305_human_HDL_R56_0pt25ug_95min_20170128_QE.raw,sp|P02766|TTHY_HUMAN,GSPAINVAVHVFR,light,42.31,43.16,6522133,0,6522133,1.56774E+11,1.058654408,6904684.852,0.864628413,5969986.708,
R70,PAMI-305_human_HDL_R70_0pt25ug_95min_20170129_QE.raw,sp|P02766|TTHY_HUMAN,GSPAINVAVHVFR,light,42.07,42.91,4179265,0,4179265,1.2744E+11,1.302328226,5442774.771,1.010153921,5498040.275,
R84,PAMI-305_human_HDL_R84_0pt25ug_95min_20170130_QE.raw,sp|P02766|TTHY_HUMAN,GSPAINVAVHVFR,light,42.11,42.94,2789174,0,2789174,1.59597E+11,1.03992582,2900534.059,1.10749912,3212338.917,
R98,PAMI-305_human_HDL_R98_0pt25ug_95min_20170131_QE.raw,sp|P02766|TTHY_HUMAN,GSPAINVAVHVFR,light,42.76,43.6,4101435,0,4101435,1.79092E+11,0.926723685,3800896.957,1.025839341,3899109.629,
R14,PAMI-305_human_HDL_R14_0pt25ug_95min_20170124_QE.raw,sp|P02768|ALBU_HUMAN,LVNEVTEFAK,light,34.53,35.68,139366912,2153957,137212955,1.56157E+11,1.062833453,145834518.8,1.191784788,173803361,
R28,PAMI-305_human_HDL_R28_0pt25ug_95min_20170126_QE.raw,sp|P02768|ALBU_HUMAN,LVNEVTEFAK,light,34.89,35.98,324512640,2110262,322402378,1.71107E+11,0.969971969,312721269.5,0.987400142,308781025.9,
R42,PAMI-305_human_HDL_R42_0pt25ug_95min_20170127_QE.raw,sp|P02768|ALBU_HUMAN,LVNEVTEFAK,light,35.26,36.28,284291264,0,284291264,1.25504E+11,1.322417449,375951728.2,0.872498793,328017429.1,
R56,PAMI-305_human_HDL_R56_0pt25ug_95min_20170128_QE.raw,sp|P02768|ALBU_HUMAN,LVNEVTEFAK,light,35.08,36.16,227187328,246693,226940635,1.56774E+11,1.058654408,240251703.7,0.864628413,207728449.3,
R70,PAMI-305_human_HDL_R70_0pt25ug_95min_20170129_QE.raw,sp|P02768|ALBU_HUMAN,LVNEVTEFAK,light,34.77,35.86,133123624,1463295,131660329,1.2744E+11,1.302328226,171464962.6,1.010153921,173206004.3,
R84,PAMI-305_human_HDL_R84_0pt25ug_95min_20170130_QE.raw,sp|P02768|ALBU_HUMAN,LVNEVTEFAK,light,34.67,35.8,69591488,16255,69575233,1.59597E+11,1.03992582,72353081.23,1.10749912,80130973.77,
R98,PAMI-305_human_HDL_R98_0pt25ug_95min_20170131_QE.raw,sp|P02768|ALBU_HUMAN,LVNEVTEFAK,light,35.52,36.6,96574832,1112524,95462308,1.79092E+11,0.926723685,88467181.84,1.025839341,90753115.51,
R14,PAMI-305_human_HDL_R14_0pt25ug_95min_20170124_QE.raw,sp|P02774|VTDB_HUMAN,YTFELSR,light,34.28,35,958430,0,958430,1.56157E+11,1.062833453,1018651.466,1.191784788,1214013.322,
R28,PAMI-305_human_HDL_R28_0pt25ug_95min_20170126_QE.raw,sp|P02774|VTDB_HUMAN,YTFELSR,light,34.52,35.36,2408981,0,2408981,1.71107E+11,0.969971969,2336644.044,0.987400142,2307202.661,
R42,PAMI-305_human_HDL_R42_0pt25ug_95min_20170127_QE.raw,sp|P02774|VTDB_HUMAN,YTFELSR,light,35,35.73,1831503,0,1831503,1.25504E+11,1.322417449,2422011.526,0.872498793,2113202.133,
R56,PAMI-305_human_HDL_R56_0pt25ug_95min_20170128_QE.raw,sp|P02774|VTDB_HUMAN,YTFELSR,light,34.67,35.45,1899435,0,1899435,1.56774E+11,1.058654408,2010845.236,0.864628413,1738633.926,
R70,PAMI-305_human_HDL_R70_0pt25ug_95min_20170129_QE.raw,sp|P02774|VTDB_HUMAN,YTFELSR,light,34.43,35.21,1169620,0,1169620,1.2744E+11,1.302328226,1523229.139,1.010153921,1538695.887,
R84,PAMI-305_human_HDL_R84_0pt25ug_95min_20170130_QE.raw,sp|P02774|VTDB_HUMAN,YTFELSR,light,34.33,35.11,358199,0,358199,1.59597E+11,1.03992582,372500.3888,1.10749912,412543.8527,
R98,PAMI-305_human_HDL_R98_0pt25ug_95min_20170131_QE.raw,sp|P02774|VTDB_HUMAN,YTFELSR,light,35.11,35.88,574796,0,574796,1.79092E+11,0.926723685,532677.0672,1.025839341,546441.0915,
R14,PAMI-305_human_HDL_R14_0pt25ug_95min_20170124_QE.raw,sp|P02775|CXCL7_HUMAN,NIQSLEVIGK,light,36.28,37.31,26753180,0,26753180,1.56157E+11,1.062833453,28434174.68,1.191784788,33887416.85,
R28,PAMI-305_human_HDL_R28_0pt25ug_95min_20170126_QE.raw,sp|P02775|CXCL7_HUMAN,NIQSLEVIGK,light,36.67,37.64,25540400,0,25540400,1.71107E+11,0.969971969,24773472.08,0.987400142,24461329.85,
R42,PAMI-305_human_HDL_R42_0pt25ug_95min_20170127_QE.raw,sp|P02775|CXCL7_HUMAN,NIQSLEVIGK,light,37.13,38.09,21968462,30545,21937917,1.25504E+11,1.322417449,29011084.24,0.872498793,25312135.98,
R56,PAMI-305_human_HDL_R56_0pt25ug_95min_20170128_QE.raw,sp|P02775|CXCL7_HUMAN,NIQSLEVIGK,light,36.89,37.85,22352292,0,22352292,1.56774E+11,1.058654408,23663352.46,0.864628413,20460006.89,
R70,PAMI-305_human_HDL_R70_0pt25ug_95min_20170129_QE.raw,sp|P02775|CXCL7_HUMAN,NIQSLEVIGK,light,36.52,37.49,18237712,0,18237712,1.2744E+11,1.302328226,23751487.11,1.010153921,23992657.83,
R84,PAMI-305_human_HDL_R84_0pt25ug_95min_20170130_QE.raw,sp|P02775|CXCL7_HUMAN,NIQSLEVIGK,light,36.58,37.53,22104186,0,22104186,1.59597E+11,1.03992582,22986713.75,1.10749912,25457765.25,
R98,PAMI-305_human_HDL_R98_0pt25ug_95min_20170131_QE.raw,sp|P02775|CXCL7_HUMAN,NIQSLEVIGK,light,37.25,38.21,23325720,0,23325720,1.79092E+11,0.926723685,21616497.19,1.025839341,22175053.23,
R14,PAMI-305_human_HDL_R14_0pt25ug_95min_20170124_QE.raw,sp|P02776|PLF4_HUMAN,HITSLEVIK,light,28.54,29.57,20286770,0,20286770,1.56157E+11,1.062833453,21561457.81,1.191784788,25696617.43,
R28,PAMI-305_human_HDL_R28_0pt25ug_95min_20170126_QE.raw,sp|P02776|PLF4_HUMAN,HITSLEVIK,light,28.94,30.03,18829038,264696,18564342,1.71107E+11,0.969971969,18006891.37,0.987400142,17780007.09,
R42,PAMI-305_human_HDL_R42_0pt25ug_95min_20170127_QE.raw,sp|P02776|PLF4_HUMAN,HITSLEVIK,light,29.26,30.29,16194377,370894,15823483,1.25504E+11,1.322417449,20925250.03,0.872498793,18257255.39,
R56,PAMI-305_human_HDL_R56_0pt25ug_95min_20170128_QE.raw,sp|P02776|PLF4_HUMAN,HITSLEVIK,light,29.08,30.11,18396524,430731,17965793,1.56774E+11,1.058654408,19019565.96,0.864628413,16444857.14,
R70,PAMI-305_human_HDL_R70_0pt25ug_95min_20170129_QE.raw,sp|P02776|PLF4_HUMAN,HITSLEVIK,light,28.78,29.81,15106242,0,15106242,1.2744E+11,1.302328226,19673285.34,1.010153921,19873046.32,
R84,PAMI-305_human_HDL_R84_0pt25ug_95min_20170130_QE.raw,sp|P02776|PLF4_HUMAN,HITSLEVIK,light,28.64,29.65,21115126,0,21115126,1.59597E+11,1.03992582,21958164.72,1.10749912,24318648.1,
R98,PAMI-305_human_HDL_R98_0pt25ug_95min_20170131_QE.raw,sp|P02776|PLF4_HUMAN,HITSLEVIK,light,29.5,30.58,17613836,191447,17422389,1.79092E+11,0.926723685,16145740.53,1.025839341,16562935.83,
R14,PAMI-305_human_HDL_R14_0pt25ug_95min_20170124_QE.raw,sp|P04114|APOB_HUMAN,SVSLPSLDPASAK,light,40.4,41.42,56164316,0,56164316,1.56157E+11,1.062833453,59693313.91,1.191784788,71141583.47,
R28,PAMI-305_human_HDL_R28_0pt25ug_95min_20170126_QE.raw,sp|P04114|APOB_HUMAN,SVSLPSLDPASAK,light,40.78,41.75,27560696,0,27560696,1.71107E+11,0.969971969,26733102.57,0.987400142,26396269.28,
R42,PAMI-305_human_HDL_R42_0pt25ug_95min_20170127_QE.raw,sp|P04114|APOB_HUMAN,SVSLPSLDPASAK,light,41.03,42.11,37798728,0,37798728,1.25504E+11,1.322417449,49985697.47,0.872498793,43612460.71,
R56,PAMI-305_human_HDL_R56_0pt25ug_95min_20170128_QE.raw,sp|P04114|APOB_HUMAN,SVSLPSLDPASAK,light,40.88,41.91,26751220,0,26751220,1.56774E+11,1.058654408,28320296.98,0.864628413,24486533.44,
R70,PAMI-305_human_HDL_R70_0pt25ug_95min_20170129_QE.raw,sp|P04114|APOB_HUMAN,SVSLPSLDPASAK,light,40.52,41.54,15125569,0,15125569,1.2744E+11,1.302328226,19698455.44,1.010153921,19898471.99,
R84,PAMI-305_human_HDL_R84_0pt25ug_95min_20170130_QE.raw,sp|P04114|APOB_HUMAN,SVSLPSLDPASAK,light,40.58,41.59,24237934,0,24237934,1.59597E+11,1.03992582,25205653.39,1.10749912,27915238.94,
R98,PAMI-305_human_HDL_R98_0pt25ug_95min_20170131_QE.raw,sp|P04114|APOB_HUMAN,SVSLPSLDPASAK,light,41.31,42.38,36719112,0,36719112,1.79092E+11,0.926723685,34028470.78,1.025839341,34907744.04,
R14,PAMI-305_human_HDL_R14_0pt25ug_95min_20170124_QE.raw,sp|P04180|LCAT_HUMAN,SSGLVSNAPGVQIR,light,32.9,33.63,13197180,0,13197180,1.56157E+11,1.062833453,14026404.39,1.191784788,16716455.38,
R28,PAMI-305_human_HDL_R28_0pt25ug_95min_20170126_QE.raw,sp|P04180|LCAT_HUMAN,SSGLVSNAPGVQIR,light,33.39,34.11,16741679,0,16741679,1.71107E+11,0.969971969,16238959.35,0.987400142,16034350.77,
R42,PAMI-305_human_HDL_R42_0pt25ug_95min_20170127_QE.raw,sp|P04180|LCAT_HUMAN,SSGLVSNAPGVQIR,light,33.69,34.35,7215774,0,7215774,1.25504E+11,1.322417449,9542265.448,0.872498793,8325615.085,
R56,PAMI-305_human_HDL_R56_0pt25ug_95min_20170128_QE.raw,sp|P04180|LCAT_HUMAN,SSGLVSNAPGVQIR,light,33.45,34.17,17143894,0,17143894,1.56774E+11,1.058654408,18149458.96,0.864628413,15692537.9,
R70,PAMI-305_human_HDL_R70_0pt25ug_95min_20170129_QE.raw,sp|P04180|LCAT_HUMAN,SSGLVSNAPGVQIR,light,33.14,33.87,9463582,0,9463582,1.2744E+11,1.302328226,12324689.95,1.010153921,12449833.88,
R84,PAMI-305_human_HDL_R84_0pt25ug_95min_20170130_QE.raw,sp|P04180|LCAT_HUMAN,SSGLVSNAPGVQIR,light,33.06,33.78,8298212,0,8298212,1.59597E+11,1.03992582,8629524.918,1.10749912,9557191.251,
R98,PAMI-305_human_HDL_R98_0pt25ug_95min_20170131_QE.raw,sp|P04180|LCAT_HUMAN,SSGLVSNAPGVQIR,light,33.8,34.51,9613119,0,9613119,1.79092E+11,0.926723685,8908705.064,1.025839341,9138900.131,
R14,PAMI-305_human_HDL_R14_0pt25ug_95min_20170124_QE.raw,sp|P05090|APOD_HUMAN,NILTSNNIDVK,light,34.29,35.32,249093696,1197893,247895803,1.56157E+11,1.062833453,263471952.3,1.191784788,314001864.8,
R28,PAMI-305_human_HDL_R28_0pt25ug_95min_20170126_QE.raw,sp|P05090|APOD_HUMAN,NILTSNNIDVK,light,34.72,35.8,297025152,496459,296528693,1.71107E+11,0.969971969,287624520.3,0.987400142,284000492.2,
R42,PAMI-305_human_HDL_R42_0pt25ug_95min_20170127_QE.raw,sp|P05090|APOD_HUMAN,NILTSNNIDVK,light,35.02,36.11,189202976,0,189202976,1.25504E+11,1.322417449,250205316.9,0.872498793,218303837,
R56,PAMI-305_human_HDL_R56_0pt25ug_95min_20170128_QE.raw,sp|P05090|APOD_HUMAN,NILTSNNIDVK,light,34.84,35.92,300109984,904277,299205707,1.56774E+11,1.058654408,316755440.7,0.864628413,273875754.1,
R70,PAMI-305_human_HDL_R70_0pt25ug_95min_20170129_QE.raw,sp|P05090|APOD_HUMAN,NILTSNNIDVK,light,34.53,35.62,187178304,743478,186434826,1.2744E+11,1.302328226,242799336.1,1.010153921,245264701.3,
R84,PAMI-305_human_HDL_R84_0pt25ug_95min_20170130_QE.raw,sp|P05090|APOD_HUMAN,NILTSNNIDVK,light,34.44,35.51,274806080,1458490,273347590,1.59597E+11,1.03992582,284261216.7,1.10749912,314819047.2,
R98,PAMI-305_human_HDL_R98_0pt25ug_95min_20170131_QE.raw,sp|P05090|APOD_HUMAN,NILTSNNIDVK,light,35.17,36.24,297652032,760970,296891062,1.79092E+11,0.926723685,275135979,1.025839341,282245311.4,
R14,PAMI-305_human_HDL_R14_0pt25ug_95min_20170124_QE.raw,sp|P06727|APOA4_HUMAN,LTPYADEFK,light,31.99,33.02,25862746,0,25862746,1.56157E+11,1.062833453,27487791.63,1.191784788,32759531.93,
R28,PAMI-305_human_HDL_R28_0pt25ug_95min_20170126_QE.raw,sp|P06727|APOA4_HUMAN,LTPYADEFK,light,32.45,33.41,31788442,0,31788442,1.71107E+11,0.969971969,30833897.69,0.987400142,30445394.95,
R42,PAMI-305_human_HDL_R42_0pt25ug_95min_20170127_QE.raw,sp|P06727|APOA4_HUMAN,LTPYADEFK,light,32.72,33.74,22801280,0,22801280,1.25504E+11,1.322417449,30152810.54,0.872498793,26308290.8,
R56,PAMI-305_human_HDL_R56_0pt25ug_95min_20170128_QE.raw,sp|P06727|APOA4_HUMAN,LTPYADEFK,light,32.6,33.62,29366752,0,29366752,1.56774E+11,1.058654408,31089241.46,0.864628413,26880641.52,
R70,PAMI-305_human_HDL_R70_0pt25ug_95min_20170129_QE.raw,sp|P06727|APOA4_HUMAN,LTPYADEFK,light,32.29,33.26,21242128,0,21242128,1.2744E+11,1.302328226,27664222.86,1.010153921,27945123.19,
R84,PAMI-305_human_HDL_R84_0pt25ug_95min_20170130_QE.raw,sp|P06727|APOA4_HUMAN,LTPYADEFK,light,32.16,33.18,19472600,0,19472600,1.59597E+11,1.03992582,20250059.52,1.10749912,22426923.1,
R98,PAMI-305_human_HDL_R98_0pt25ug_95min_20170131_QE.raw,sp|P06727|APOA4_HUMAN,LTPYADEFK,light,32.96,34.03,26609158,0,26609158,1.79092E+11,0.926723685,24659336.96,1.025839341,25296517.97,
R14,PAMI-305_human_HDL_R14_0pt25ug_95min_20170124_QE.raw,sp|P08519|APOA_HUMAN,TPAYYPNAGLIK,light,37.8,38.59,2751201,0,2751201,1.56157E+11,1.062833453,2924068.459,1.191784788,3484860.309,
R28,PAMI-305_human_HDL_R28_0pt25ug_95min_20170126_QE.raw,sp|P08519|APOA_HUMAN,TPAYYPNAGLIK,light,38.16,38.95,3058702,0,3058702,1.71107E+11,0.969971969,2966855.202,0.987400142,2929473.248,
R42,PAMI-305_human_HDL_R42_0pt25ug_95min_20170127_QE.raw,sp|P08519|APOA_HUMAN,TPAYYPNAGLIK,light,38.47,39.31,2156143,0,2156143,1.25504E+11,1.322417449,2851321.126,0.872498793,2487774.241,
R56,PAMI-305_human_HDL_R56_0pt25ug_95min_20170128_QE.raw,sp|P08519|APOA_HUMAN,TPAYYPNAGLIK,light,38.28,39.13,2955564,0,2955564,1.56774E+11,1.058654408,3128920.857,0.864628413,2705353.876,
R70,PAMI-305_human_HDL_R70_0pt25ug_95min_20170129_QE.raw,sp|P08519|APOA_HUMAN,TPAYYPNAGLIK,light,38.1,38.89,1880450,0,1880450,1.2744E+11,1.302328226,2448963.112,1.010153921,2473829.689,
R84,PAMI-305_human_HDL_R84_0pt25ug_95min_20170130_QE.raw,sp|P08519|APOA_HUMAN,TPAYYPNAGLIK,light,38.02,38.73,3238065,0,3238065,1.59597E+11,1.03992582,3367347.4,1.10749912,3729334.282,
R98,PAMI-305_human_HDL_R98_0pt25ug_95min_20170131_QE.raw,sp|P08519|APOA_HUMAN,TPAYYPNAGLIK,light,38.8,39.64,2811190,0,2811190,1.79092E+11,0.926723685,2605196.356,1.025839341,2672512.913,
R14,PAMI-305_human_HDL_R14_0pt25ug_95min_20170124_QE.raw,sp|P0DJI8|SAA1_HUMAN,GPGGVWAAEAISDAR,light,42.79,43.76,8563762,0,8563762,1.56157E+11,1.062833453,9101852.737,1.191784788,10847449.64,
R28,PAMI-305_human_HDL_R28_0pt25ug_95min_20170126_QE.raw,sp|P0DJI8|SAA1_HUMAN,GPGGVWAAEAISDAR,light,43.22,44.06,6510736,0,6510736,1.71107E+11,0.969971969,6315231.419,0.987400142,6235660.4,
R42,PAMI-305_human_HDL_R42_0pt25ug_95min_20170127_QE.raw,sp|P0DJI8|SAA1_HUMAN,GPGGVWAAEAISDAR,light,43.52,44.06,6021213,0,6021213,1.25504E+11,1.322417449,7962557.137,0.872498793,6947321.491,
R56,PAMI-305_human_HDL_R56_0pt25ug_95min_20170128_QE.raw,sp|P0DJI8|SAA1_HUMAN,GPGGVWAAEAISDAR,light,43.28,44.06,5606765,0,5606765,1.56774E+11,1.058654408,5935626.483,0.864628413,5132111.308,
R70,PAMI-305_human_HDL_R70_0pt25ug_95min_20170129_QE.raw,sp|P0DJI8|SAA1_HUMAN,GPGGVWAAEAISDAR,light,43.09,43.88,7381285,0,7381285,1.2744E+11,1.302328226,9612855.796,1.010153921,9710463.973,
R84,PAMI-305_human_HDL_R84_0pt25ug_95min_20170130_QE.raw,sp|P0DJI8|SAA1_HUMAN,GPGGVWAAEAISDAR,light,43.06,44.01,9594912,0,9594912,1.59597E+11,1.03992582,9977996.729,1.10749912,11050622.59,
R98,PAMI-305_human_HDL_R98_0pt25ug_95min_20170131_QE.raw,sp|P0DJI8|SAA1_HUMAN,GPGGVWAAEAISDAR,light,43.72,44.67,7651342,0,7651342,1.79092E+11,0.926723685,7090679.853,1.025839341,7273898.347,
R14,PAMI-305_human_HDL_R14_0pt25ug_95min_20170124_QE.raw,sp|P0DJI9|SAA2_HUMAN,GPGGAWAAEVISNAR,light,45.09,45.81,679082,0,679082,1.56157E+11,1.062833453,721751.0669,1.191784788,860171.9424,
R28,PAMI-305_human_HDL_R28_0pt25ug_95min_20170126_QE.raw,sp|P0DJI9|SAA2_HUMAN,GPGGAWAAEVISNAR,light,45.51,46.42,517923,0,517923,1.71107E+11,0.969971969,502370.7922,0.987400142,496040.9916,
R42,PAMI-305_human_HDL_R42_0pt25ug_95min_20170127_QE.raw,sp|P0DJI9|SAA2_HUMAN,GPGGAWAAEVISNAR,light,45.57,46.48,239976,0,239976,1.25504E+11,1.322417449,317348.4498,0.872498793,276886.1394,
R56,PAMI-305_human_HDL_R56_0pt25ug_95min_20170128_QE.raw,sp|P0DJI9|SAA2_HUMAN,GPGGAWAAEVISNAR,light,45.51,46.42,250206,0,250206,1.56774E+11,1.058654408,264881.6849,0.864628413,229024.2309,
R70,PAMI-305_human_HDL_R70_0pt25ug_95min_20170129_QE.raw,sp|P0DJI9|SAA2_HUMAN,GPGGAWAAEVISNAR,light,45.09,46.42,491622,0,491622,1.2744E+11,1.302328226,640253.2069,1.010153921,646754.2872,
R84,PAMI-305_human_HDL_R84_0pt25ug_95min_20170130_QE.raw,sp|P0DJI9|SAA2_HUMAN,GPGGAWAAEVISNAR,light,45.32,46.22,762014,0,762014,1.59597E+11,1.03992582,792438.0338,1.10749912,877624.4249,
R98,PAMI-305_human_HDL_R98_0pt25ug_95min_20170131_QE.raw,sp|P0DJI9|SAA2_HUMAN,GPGGAWAAEVISNAR,light,45.98,46.69,638094,0,638094,1.79092E+11,0.926723685,591336.823,1.025839341,606616.5768,
R14,PAMI-305_human_HDL_R14_0pt25ug_95min_20170124_QE.raw,sp|P10909|CLUS_HUMAN,ASSIIDELFQDR,light,60.41,61.19,37963136,0,37963136,1.56157E+11,1.062833453,40348490.92,1.191784788,48086717.71,
R28,PAMI-305_human_HDL_R28_0pt25ug_95min_20170126_QE.raw,sp|P10909|CLUS_HUMAN,ASSIIDELFQDR,light,60.77,61.56,38328788,0,38328788,1.71107E+11,0.969971969,37177849.98,0.987400142,36709414.34,
R42,PAMI-305_human_HDL_R42_0pt25ug_95min_20170127_QE.raw,sp|P10909|CLUS_HUMAN,ASSIIDELFQDR,light,61.01,61.8,20066348,0,20066348,1.25504E+11,1.322417449,26536088.74,0.872498793,23152705.39,
R56,PAMI-305_human_HDL_R56_0pt25ug_95min_20170128_QE.raw,sp|P10909|CLUS_HUMAN,ASSIIDELFQDR,light,60.77,61.56,35570316,0,35570316,1.56774E+11,1.058654408,37656671.84,0.864628413,32559028.42,
R70,PAMI-305_human_HDL_R70_0pt25ug_95min_20170129_QE.raw,sp|P10909|CLUS_HUMAN,ASSIIDELFQDR,light,60.71,61.5,22188118,34469,22153649,1.2744E+11,1.302328226,28851322.39,1.010153921,29144276.43,
R84,PAMI-305_human_HDL_R84_0pt25ug_95min_20170130_QE.raw,sp|P10909|CLUS_HUMAN,ASSIIDELFQDR,light,60.74,61.52,28733188,0,28733188,1.59597E+11,1.03992582,29880384.09,1.10749912,33092499.08,
R98,PAMI-305_human_HDL_R98_0pt25ug_95min_20170131_QE.raw,sp|P10909|CLUS_HUMAN,ASSIIDELFQDR,light,61.34,62.17,26984192,0,26984192,1.79092E+11,0.926723685,25006889.85,1.025839341,25653051.4,
R14,PAMI-305_human_HDL_R14_0pt25ug_95min_20170124_QE.raw,sp|P14151|LYAM1_HUMAN,AEIEYLEK,light,28.09,28.88,2056721,0,2056721,1.56157E+11,1.062833453,2185951.882,1.191784788,2605184.201,
R28,PAMI-305_human_HDL_R28_0pt25ug_95min_20170126_QE.raw,sp|P14151|LYAM1_HUMAN,AEIEYLEK,light,28.57,29.36,2936729,146923,2789806,1.71107E+11,0.969971969,2706033.62,0.987400142,2671937.98,
R42,PAMI-305_human_HDL_R42_0pt25ug_95min_20170127_QE.raw,sp|P14151|LYAM1_HUMAN,AEIEYLEK,light,28.94,29.72,1470614,0,1470614,1.25504E+11,1.322417449,1944765.615,0.872498793,1696805.651,
R56,PAMI-305_human_HDL_R56_0pt25ug_95min_20170128_QE.raw,sp|P14151|LYAM1_HUMAN,AEIEYLEK,light,28.69,29.48,2252212,0,2252212,1.56774E+11,1.058654408,2384314.162,0.864628413,2061545.771,
R70,PAMI-305_human_HDL_R70_0pt25ug_95min_20170129_QE.raw,sp|P14151|LYAM1_HUMAN,AEIEYLEK,light,28.45,29.24,1524635,0,1524635,1.2744E+11,1.302328226,1985575.194,1.010153921,2005736.567,
R84,PAMI-305_human_HDL_R84_0pt25ug_95min_20170130_QE.raw,sp|P14151|LYAM1_HUMAN,AEIEYLEK,light,28.25,29.03,1931170,0,1931170,1.59597E+11,1.03992582,2008273.546,1.10749912,2224161.184,
R98,PAMI-305_human_HDL_R98_0pt25ug_95min_20170131_QE.raw,sp|P14151|LYAM1_HUMAN,AEIEYLEK,light,29.03,29.8,2714619,0,2714619,1.79092E+11,0.926723685,2515701.723,1.025839341,2580705.797,
R14,PAMI-305_human_HDL_R14_0pt25ug_95min_20170124_QE.raw,sp|P27169|PON1_HUMAN,IFFYDSENPPASEVLR,light,52.16,53.61,831454464,21822728,809631736,1.56157E+11,1.062833453,860503693.6,1.191784788,1025535212,
R28,PAMI-305_human_HDL_R28_0pt25ug_95min_20170126_QE.raw,sp|P27169|PON1_HUMAN,IFFYDSENPPASEVLR,light,52.46,53.91,860748160,7231260,853516900,1.71107E+11,0.969971969,827887468.3,0.987400142,817456203.7,
R42,PAMI-305_human_HDL_R42_0pt25ug_95min_20170127_QE.raw,sp|P27169|PON1_HUMAN,IFFYDSENPPASEVLR,light,52.7,54.15,533654080,5369050,528285030,1.25504E+11,1.322417449,698613341.9,0.872498793,609539297.5,
R56,PAMI-305_human_HDL_R56_0pt25ug_95min_20170128_QE.raw,sp|P27169|PON1_HUMAN,IFFYDSENPPASEVLR,light,52.46,53.91,785696256,11145370,774550886,1.56774E+11,1.058654408,819981709.9,0.864628413,708979484.8,
R70,PAMI-305_human_HDL_R70_0pt25ug_95min_20170129_QE.raw,sp|P27169|PON1_HUMAN,IFFYDSENPPASEVLR,light,52.28,53.73,590217920,2613024,587604896,1.2744E+11,1.302328226,765254441.5,1.010153921,773024774.5,
R84,PAMI-305_human_HDL_R84_0pt25ug_95min_20170130_QE.raw,sp|P27169|PON1_HUMAN,IFFYDSENPPASEVLR,light,52.36,53.73,714797312,13438886,701358426,1.59597E+11,1.03992582,729360736.2,1.10749912,807766373.4,
R98,PAMI-305_human_HDL_R98_0pt25ug_95min_20170131_QE.raw,sp|P27169|PON1_HUMAN,IFFYDSENPPASEVLR,light,52.99,54.42,687025088,14745838,672279250,1.79092E+11,0.926723685,623017103.9,1.025839341,639115455.2,
R14,PAMI-305_human_HDL_R14_0pt25ug_95min_20170124_QE.raw,sp|P35542|SAA4_HUMAN,EALQGVGDMGR,light,25.99,27.8,484822528,0,484822528,1.56157E+11,1.062833453,515285601.5,1.191784788,614109541.5,
R28,PAMI-305_human_HDL_R28_0pt25ug_95min_20170126_QE.raw,sp|P35542|SAA4_HUMAN,EALQGVGDMGR,light,26.35,28.16,389609984,0,389609984,1.71107E+11,0.969971969,377910763.4,0.987400142,373149141.5,
R42,PAMI-305_human_HDL_R42_0pt25ug_95min_20170127_QE.raw,sp|P35542|SAA4_HUMAN,EALQGVGDMGR,light,26.65,28.47,110884960,0,110884960,1.25504E+11,1.322417449,146636206,0.872498793,127939912.7,
R56,PAMI-305_human_HDL_R56_0pt25ug_95min_20170128_QE.raw,sp|P35542|SAA4_HUMAN,EALQGVGDMGR,light,26.41,28.16,75734888,0,75734888,1.56774E+11,1.058654408,80177073.04,0.864628413,69323375.45,
R70,PAMI-305_human_HDL_R70_0pt25ug_95min_20170129_QE.raw,sp|P35542|SAA4_HUMAN,EALQGVGDMGR,light,26.17,27.98,329821504,0,329821504,1.2744E+11,1.302328226,429535854,1.010153921,433897327.1,
R84,PAMI-305_human_HDL_R84_0pt25ug_95min_20170130_QE.raw,sp|P35542|SAA4_HUMAN,EALQGVGDMGR,light,26.06,27.85,353207424,5110291,348097133,1.59597E+11,1.03992582,361995196.5,1.10749912,400909361.4,
R98,PAMI-305_human_HDL_R98_0pt25ug_95min_20170131_QE.raw,sp|P35542|SAA4_HUMAN,EALQGVGDMGR,light,26.9,28.68,283986656,2827469,281159187,1.79092E+11,0.926723685,260556877.8,1.025839341,267289495.8,
R14,PAMI-305_human_HDL_R14_0pt25ug_95min_20170124_QE.raw,sp|P49913|CAMP_HUMAN,FALLGDFFR,light,66.47,67.31,9150319,0,9150319,1.56157E+11,1.062833453,9725265.138,1.191784788,11590423.05,
R28,PAMI-305_human_HDL_R28_0pt25ug_95min_20170126_QE.raw,sp|P49913|CAMP_HUMAN,FALLGDFFR,light,66.83,67.73,10254696,0,10254696,1.71107E+11,0.969971969,9946767.673,0.987400142,9821439.813,
R42,PAMI-305_human_HDL_R42_0pt25ug_95min_20170127_QE.raw,sp|P49913|CAMP_HUMAN,FALLGDFFR,light,67.19,68.04,5160938,0,5160938,1.25504E+11,1.322417449,6824914.466,0.872498793,5954729.633,
R56,PAMI-305_human_HDL_R56_0pt25ug_95min_20170128_QE.raw,sp|P49913|CAMP_HUMAN,FALLGDFFR,light,66.89,67.73,9288001,0,9288001,1.56774E+11,1.058654408,9832783.203,0.864628413,8501703.739,
R70,PAMI-305_human_HDL_R70_0pt25ug_95min_20170129_QE.raw,sp|P49913|CAMP_HUMAN,FALLGDFFR,light,66.83,67.67,6145188,0,6145188,1.2744E+11,1.302328226,8003051.783,1.010153921,8084314.138,
R84,PAMI-305_human_HDL_R84_0pt25ug_95min_20170130_QE.raw,sp|P49913|CAMP_HUMAN,FALLGDFFR,light,66.9,67.73,7870709,0,7870709,1.59597E+11,1.03992582,8184953.51,1.10749912,9064828.808,
R98,PAMI-305_human_HDL_R98_0pt25ug_95min_20170131_QE.raw,sp|P49913|CAMP_HUMAN,FALLGDFFR,light,67.31,68.15,7640004,0,7640004,1.79092E+11,0.926723685,7080172.66,1.025839341,7263119.655,
R14,PAMI-305_human_HDL_R14_0pt25ug_95min_20170124_QE.raw,sp|P55056|APOC4_HUMAN,AWFLESK,light,41.87,42.89,11884395,0,11884395,1.56157E+11,1.062833453,12631132.57,1.191784788,15053591.66,
R28,PAMI-305_human_HDL_R28_0pt25ug_95min_20170126_QE.raw,sp|P55056|APOC4_HUMAN,AWFLESK,light,42.29,43.32,9348863,0,9348863,1.71107E+11,0.969971969,9068135.055,0.987400142,8953877.84,
R42,PAMI-305_human_HDL_R42_0pt25ug_95min_20170127_QE.raw,sp|P55056|APOC4_HUMAN,AWFLESK,light,42.59,43.62,8226213,0,8226213,1.25504E+11,1.322417449,10878487.61,0.872498793,9491467.311,
R56,PAMI-305_human_HDL_R56_0pt25ug_95min_20170128_QE.raw,sp|P55056|APOC4_HUMAN,AWFLESK,light,42.41,43.44,10383386,0,10383386,1.56774E+11,1.058654408,10992417.36,0.864628413,9504356.382,
R70,PAMI-305_human_HDL_R70_0pt25ug_95min_20170129_QE.raw,sp|P55056|APOC4_HUMAN,AWFLESK,light,42.17,43.2,10411818,0,10411818,1.2744E+11,1.302328226,13559604.46,1.010153921,13697287.61,
R84,PAMI-305_human_HDL_R84_0pt25ug_95min_20170130_QE.raw,sp|P55056|APOC4_HUMAN,AWFLESK,light,42.15,43.22,14219412,0,14219412,1.59597E+11,1.03992582,14787133.68,1.10749912,16376737.54,
R98,PAMI-305_human_HDL_R98_0pt25ug_95min_20170131_QE.raw,sp|P55056|APOC4_HUMAN,AWFLESK,light,42.98,43.94,9090070,0,9090070,1.79092E+11,0.926723685,8423983.167,1.025839341,8641653.34,
R14,PAMI-305_human_HDL_R14_0pt25ug_95min_20170124_QE.raw,sp|P55058|PLTP_HUMAN,GAFFPLTER,light,45.27,46.29,41095052,351127,40743925,1.56157E+11,1.062833453,43304006.49,1.191784788,51609056.21,
R28,PAMI-305_human_HDL_R28_0pt25ug_95min_20170126_QE.raw,sp|P55058|PLTP_HUMAN,GAFFPLTER,light,45.63,46.66,36492344,0,36492344,1.71107E+11,0.969971969,35396550.77,0.987400142,34950559.26,
R42,PAMI-305_human_HDL_R42_0pt25ug_95min_20170127_QE.raw,sp|P55058|PLTP_HUMAN,GAFFPLTER,light,45.93,46.96,22239584,201752,22037832,1.25504E+11,1.322417449,29143213.58,0.872498793,25427418.67,
R56,PAMI-305_human_HDL_R56_0pt25ug_95min_20170128_QE.raw,sp|P55058|PLTP_HUMAN,GAFFPLTER,light,45.75,46.78,33494106,1153137,32340969,1.56774E+11,1.058654408,34237909.4,0.864628413,29603069.28,
R70,PAMI-305_human_HDL_R70_0pt25ug_95min_20170129_QE.raw,sp|P55058|PLTP_HUMAN,GAFFPLTER,light,45.57,46.59,25631840,451925,25179915,1.2744E+11,1.302328226,32792514.02,1.010153921,33125486.61,
R84,PAMI-305_human_HDL_R84_0pt25ug_95min_20170130_QE.raw,sp|P55058|PLTP_HUMAN,GAFFPLTER,light,45.56,46.57,37550160,219847,37330313,1.59597E+11,1.03992582,38820756.36,1.10749912,42993953.49,
R98,PAMI-305_human_HDL_R98_0pt25ug_95min_20170131_QE.raw,sp|P55058|PLTP_HUMAN,GAFFPLTER,light,46.29,47.29,34971720,0,34971720,1.79092E+11,0.926723685,32409121.23,1.025839341,33246551.56,
R14,PAMI-305_human_HDL_R14_0pt25ug_95min_20170124_QE.raw,sp|P58335|ANTR2_HUMAN,LDGLVPSYAEK,light,35.07,35.73,4886056,0,4886056,1.56157E+11,1.062833453,5193063.77,1.191784788,6189014.405,
R28,PAMI-305_human_HDL_R28_0pt25ug_95min_20170126_QE.raw,sp|P58335|ANTR2_HUMAN,LDGLVPSYAEK,light,35.46,36.06,5618870,0,5618870,1.71107E+11,0.969971969,5450146.399,0.987400142,5381475.328,
R42,PAMI-305_human_HDL_R42_0pt25ug_95min_20170127_QE.raw,sp|P58335|ANTR2_HUMAN,LDGLVPSYAEK,light,35.79,36.4,3284595,0,3284595,1.25504E+11,1.322417449,4343605.742,0.872498793,3789790.767,
R56,PAMI-305_human_HDL_R56_0pt25ug_95min_20170128_QE.raw,sp|P58335|ANTR2_HUMAN,LDGLVPSYAEK,light,35.61,36.21,5900386,0,5900386,1.56774E+11,1.058654408,6246469.649,0.864628413,5400875.142,
R70,PAMI-305_human_HDL_R70_0pt25ug_95min_20170129_QE.raw,sp|P58335|ANTR2_HUMAN,LDGLVPSYAEK,light,35.25,35.85,3397023,0,3397023,1.2744E+11,1.302328226,4424038.936,1.010153921,4468960.277,
R84,PAMI-305_human_HDL_R84_0pt25ug_95min_20170130_QE.raw,sp|P58335|ANTR2_HUMAN,LDGLVPSYAEK,light,35.14,35.8,5189201,0,5189201,1.59597E+11,1.03992582,5396384.105,1.10749912,5976490.646,
R98,PAMI-305_human_HDL_R98_0pt25ug_95min_20170131_QE.raw,sp|P58335|ANTR2_HUMAN,LDGLVPSYAEK,light,36,36.66,5019224,0,5019224,1.79092E+11,0.926723685,4651433.761,1.025839341,4771623.743,
R14,PAMI-305_human_HDL_R14_0pt25ug_95min_20170124_QE.raw,sp|P80108|PHLD_HUMAN,IADVTSGLIGGEDGR,light,37.48,38.03,1789788,0,1789788,1.56157E+11,1.062833453,1902246.56,1.191784788,2267068.514,
R28,PAMI-305_human_HDL_R28_0pt25ug_95min_20170126_QE.raw,sp|P80108|PHLD_HUMAN,IADVTSGLIGGEDGR,light,37.84,38.39,2591623,0,2591623,1.71107E+11,0.969971969,2513801.665,0.987400142,2482128.121,
R42,PAMI-305_human_HDL_R42_0pt25ug_95min_20170127_QE.raw,sp|P80108|PHLD_HUMAN,IADVTSGLIGGEDGR,light,38.15,38.69,1193462,0,1193462,1.25504E+11,1.322417449,1578254.974,0.872498793,1377025.56,
R56,PAMI-305_human_HDL_R56_0pt25ug_95min_20170128_QE.raw,sp|P80108|PHLD_HUMAN,IADVTSGLIGGEDGR,light,37.9,38.45,1992077,0,1992077,1.56774E+11,1.058654408,2108921.098,0.864628413,1823433.102,
R70,PAMI-305_human_HDL_R70_0pt25ug_95min_20170129_QE.raw,sp|P80108|PHLD_HUMAN,IADVTSGLIGGEDGR,light,37.66,38.21,1193258,0,1193258,1.2744E+11,1.302328226,1554013.574,1.010153921,1569792.904,
R84,PAMI-305_human_HDL_R84_0pt25ug_95min_20170130_QE.raw,sp|P80108|PHLD_HUMAN,IADVTSGLIGGEDGR,light,37.58,38.18,1748672,0,1748672,1.59597E+11,1.03992582,1818489.163,1.10749912,2013975.148,
R98,PAMI-305_human_HDL_R98_0pt25ug_95min_20170131_QE.raw,sp|P80108|PHLD_HUMAN,IADVTSGLIGGEDGR,light,38.27,38.86,2025006,0,2025006,1.79092E+11,0.926723685,1876621.022,1.025839341,1925111.673,
R14,PAMI-305_human_HDL_R14_0pt25ug_95min_20170124_QE.raw,sp|Q13790|APOF_HUMAN,SYDLDPGAGSLEI,light,53.74,54.77,66655712,216435,66439277,1.56157E+11,1.062833453,70613886.19,1.191784788,84156555.39,
R28,PAMI-305_human_HDL_R28_0pt25ug_95min_20170126_QE.raw,sp|Q13790|APOF_HUMAN,SYDLDPGAGSLEI,light,54.11,55.13,58023992,1894663,56129329,1.71107E+11,0.969971969,54443875.78,0.987400142,53757890.68,
R42,PAMI-305_human_HDL_R42_0pt25ug_95min_20170127_QE.raw,sp|Q13790|APOF_HUMAN,SYDLDPGAGSLEI,light,54.23,55.25,44362660,0,44362660,1.25504E+11,1.322417449,58665955.68,0.872498793,51185975.52,
R56,PAMI-305_human_HDL_R56_0pt25ug_95min_20170128_QE.raw,sp|Q13790|APOF_HUMAN,SYDLDPGAGSLEI,light,53.99,55.01,68003792,203746,67800046,1.56774E+11,1.058654408,71776817.58,0.864628413,62060275.9,
R70,PAMI-305_human_HDL_R70_0pt25ug_95min_20170129_QE.raw,sp|Q13790|APOF_HUMAN,SYDLDPGAGSLEI,light,53.87,54.89,37325684,465447,36860237,1.2744E+11,1.302328226,48004127.04,1.010153921,48491557.15,
R84,PAMI-305_human_HDL_R84_0pt25ug_95min_20170130_QE.raw,sp|Q13790|APOF_HUMAN,SYDLDPGAGSLEI,light,53.87,54.88,55167552,907426,54260126,1.59597E+11,1.03992582,56426506.02,1.10749912,62492305.75,
R98,PAMI-305_human_HDL_R98_0pt25ug_95min_20170131_QE.raw,sp|Q13790|APOF_HUMAN,SYDLDPGAGSLEI,light,54.54,55.61,61401376,302214,61099162,1.79092E+11,0.926723685,56622040.56,1.025839341,58085116.76,
R14,PAMI-305_human_HDL_R14_0pt25ug_95min_20170124_QE.raw,sp|Q14623|IHH_HUMAN,ATFASHVQPGQYVLVAGVPGLQPAR,light,51.71,52.44,14860564,0,14860564,1.56157E+11,1.062833453,15794304.55,1.191784788,18823411.9,
R28,PAMI-305_human_HDL_R28_0pt25ug_95min_20170126_QE.raw,sp|Q14623|IHH_HUMAN,ATFASHVQPGQYVLVAGVPGLQPAR,light,52.13,52.86,13068945,0,13068945,1.71107E+11,0.969971969,12676510.32,0.987400142,12516788.09,
R42,PAMI-305_human_HDL_R42_0pt25ug_95min_20170127_QE.raw,sp|Q14623|IHH_HUMAN,ATFASHVQPGQYVLVAGVPGLQPAR,light,52.25,52.98,7851901,0,7851901,1.25504E+11,1.322417449,10383490.89,0.872498793,9059583.27,
R56,PAMI-305_human_HDL_R56_0pt25ug_95min_20170128_QE.raw,sp|Q14623|IHH_HUMAN,ATFASHVQPGQYVLVAGVPGLQPAR,light,52.13,52.86,10816403,0,10816403,1.56774E+11,1.058654408,11450832.72,0.864628413,9900715.324,
R70,PAMI-305_human_HDL_R70_0pt25ug_95min_20170129_QE.raw,sp|Q14623|IHH_HUMAN,ATFASHVQPGQYVLVAGVPGLQPAR,light,51.89,52.62,8238522,0,8238522,1.2744E+11,1.302328226,10729259.74,1.010153921,10838203.79,
R84,PAMI-305_human_HDL_R84_0pt25ug_95min_20170130_QE.raw,sp|Q14623|IHH_HUMAN,ATFASHVQPGQYVLVAGVPGLQPAR,light,51.98,52.7,12613053,0,12613053,1.59597E+11,1.03992582,13116639.48,1.10749912,14526666.68,
R98,PAMI-305_human_HDL_R98_0pt25ug_95min_20170131_QE.raw,sp|Q14623|IHH_HUMAN,ATFASHVQPGQYVLVAGVPGLQPAR,light,52.57,53.23,10957450,0,10957450,1.79092E+11,0.926723685,10154528.44,1.025839341,10416914.76,
R14,PAMI-305_human_HDL_R14_0pt25ug_95min_20170124_QE.raw,sp|Q14624|ITIH4_HUMAN,LAILPASAPPATSNPDPAVSR,light,70.89,71.73,2270777,0,2270777,1.56157E+11,1.062833453,2413457.76,1.191784788,2876322.245,
R28,PAMI-305_human_HDL_R28_0pt25ug_95min_20170126_QE.raw,sp|Q14624|ITIH4_HUMAN,LAILPASAPPATSNPDPAVSR,light,71.01,71.85,1296857,0,1296857,1.71107E+11,0.969971969,1257914.938,0.987400142,1242065.389,
R42,PAMI-305_human_HDL_R42_0pt25ug_95min_20170127_QE.raw,sp|Q14624|ITIH4_HUMAN,LAILPASAPPATSNPDPAVSR,light,70.89,71.73,780642,0,780642,1.25504E+11,1.322417449,1032334.602,0.872498793,900710.6945,
R56,PAMI-305_human_HDL_R56_0pt25ug_95min_20170128_QE.raw,sp|Q14624|ITIH4_HUMAN,LAILPASAPPATSNPDPAVSR,light,71.01,71.85,1663238,0,1663238,1.56774E+11,1.058654408,1760794.241,0.864628413,1522432.731,
R70,PAMI-305_human_HDL_R70_0pt25ug_95min_20170129_QE.raw,sp|Q14624|ITIH4_HUMAN,LAILPASAPPATSNPDPAVSR,light,71.01,71.85,201623,0,201623,1.2744E+11,1.302328226,262579.3238,1.010153921,265245.5335,
R84,PAMI-305_human_HDL_R84_0pt25ug_95min_20170130_QE.raw,sp|Q14624|ITIH4_HUMAN,LAILPASAPPATSNPDPAVSR,light,71.13,71.98,1797466,0,1797466,1.59597E+11,1.03992582,1869231.304,1.10749912,2070172.024,
R98,PAMI-305_human_HDL_R98_0pt25ug_95min_20170131_QE.raw,sp|Q14624|ITIH4_HUMAN,LAILPASAPPATSNPDPAVSR,light,71.03,71.88,304686,0,304686,1.79092E+11,0.926723685,282359.7327,1.025839341,289655.7221,
R14,PAMI-305_human_HDL_R14_0pt25ug_95min_20170124_QE.raw,sp|Q15166|PON3_HUMAN,LLNYNPEDPPGSEVLR,light,43.41,44.38,49956604,855079,49101525,1.56157E+11,1.062833453,52186743.36,1.191784788,62195366.88,
R28,PAMI-305_human_HDL_R28_0pt25ug_95min_20170126_QE.raw,sp|Q15166|PON3_HUMAN,LLNYNPEDPPGSEVLR,light,43.71,44.68,53558864,274215,53284649,1.71107E+11,0.969971969,51684615.92,0.987400142,51033397.1,
R42,PAMI-305_human_HDL_R42_0pt25ug_95min_20170127_QE.raw,sp|Q15166|PON3_HUMAN,LLNYNPEDPPGSEVLR,light,44.01,44.98,30621864,428618,30193246,1.25504E+11,1.322417449,39928075.36,0.872498793,34837197.56,
R56,PAMI-305_human_HDL_R56_0pt25ug_95min_20170128_QE.raw,sp|Q15166|PON3_HUMAN,LLNYNPEDPPGSEVLR,light,43.77,44.74,47228548,0,47228548,1.56774E+11,1.058654408,49998710.54,0.864628413,43230305.76,
R70,PAMI-305_human_HDL_R70_0pt25ug_95min_20170129_QE.raw,sp|Q15166|PON3_HUMAN,LLNYNPEDPPGSEVLR,light,43.59,44.56,34260988,257632,34003356,1.2744E+11,1.302328226,44283530.28,1.010153921,44733181.74,
R84,PAMI-305_human_HDL_R84_0pt25ug_95min_20170130_QE.raw,sp|Q15166|PON3_HUMAN,LLNYNPEDPPGSEVLR,light,43.61,44.56,47941832,333519,47608313,1.59597E+11,1.03992582,49509113.93,1.10749912,54831300.1,
R98,PAMI-305_human_HDL_R98_0pt25ug_95min_20170131_QE.raw,sp|Q15166|PON3_HUMAN,LLNYNPEDPPGSEVLR,light,44.35,45.3,42817464,404982,42412482,1.79092E+11,0.926723685,39304651.61,1.025839341,40320257.9,
R14,PAMI-305_human_HDL_R14_0pt25ug_95min_20170124_QE.raw,sp|Q9HDC9|APMAP_HUMAN,LLLSSETPIEGK,light,37.37,38.15,1257356,0,1257356,1.56157E+11,1.062833453,1336360.019,1.191784788,1592653.542,
R28,PAMI-305_human_HDL_R28_0pt25ug_95min_20170126_QE.raw,sp|Q9HDC9|APMAP_HUMAN,LLLSSETPIEGK,light,37.61,38.39,1451194,0,1451194,1.71107E+11,0.969971969,1407617.502,0.987400142,1389881.721,
R42,PAMI-305_human_HDL_R42_0pt25ug_95min_20170127_QE.raw,sp|Q9HDC9|APMAP_HUMAN,LLLSSETPIEGK,light,38.09,38.88,897901,0,897901,1.25504E+11,1.322417449,1187399.95,0.872498793,1036005.023,
R56,PAMI-305_human_HDL_R56_0pt25ug_95min_20170128_QE.raw,sp|Q9HDC9|APMAP_HUMAN,LLLSSETPIEGK,light,37.73,38.52,1173765,0,1173765,1.56774E+11,1.058654408,1242611.492,0.864628413,1074397.202,
R70,PAMI-305_human_HDL_R70_0pt25ug_95min_20170129_QE.raw,sp|Q9HDC9|APMAP_HUMAN,LLLSSETPIEGK,light,37.55,38.33,769833,0,769833,1.2744E+11,1.302328226,1002575.245,1.010153921,1012755.314,
R84,PAMI-305_human_HDL_R84_0pt25ug_95min_20170130_QE.raw,sp|Q9HDC9|APMAP_HUMAN,LLLSSETPIEGK,light,37.53,38.3,1211189,0,1211189,1.59597E+11,1.03992582,1259546.714,1.10749912,1394946.877,
R98,PAMI-305_human_HDL_R98_0pt25ug_95min_20170131_QE.raw,sp|Q9HDC9|APMAP_HUMAN,LLLSSETPIEGK,light,38.27,38.98,1403071,0,1403071,1.79092E+11,0.926723685,1300259.127,1.025839341,1333856.966,
R14,PAMI-305_human_HDL_R14_0pt25ug_95min_20170124_QE.raw,sp|Q9UHG3|PCYOX_HUMAN,LVCSGLLQASK,light,31.57,32.41,16295652,0,16295652,1.56157E+11,1.062833453,17319564.08,1.191784788,20641193.01,
R28,PAMI-305_human_HDL_R28_0pt25ug_95min_20170126_QE.raw,sp|Q9UHG3|PCYOX_HUMAN,LVCSGLLQASK,light,32.05,32.9,16198330,0,16198330,1.71107E+11,0.969971969,15711926.05,0.987400142,15513958.01,
R42,PAMI-305_human_HDL_R42_0pt25ug_95min_20170127_QE.raw,sp|Q9UHG3|PCYOX_HUMAN,LVCSGLLQASK,light,32.29,33.14,10434125,0,10434125,1.25504E+11,1.322417449,13798268.97,0.872498793,12038973.02,
R56,PAMI-305_human_HDL_R56_0pt25ug_95min_20170128_QE.raw,sp|Q9UHG3|PCYOX_HUMAN,LVCSGLLQASK,light,32.23,33.08,16677417,0,16677417,1.56774E+11,1.058654408,17655621.03,0.864628413,15265551.59,
R70,PAMI-305_human_HDL_R70_0pt25ug_95min_20170129_QE.raw,sp|Q9UHG3|PCYOX_HUMAN,LVCSGLLQASK,light,31.87,32.72,10154777,0,10154777,1.2744E+11,1.302328226,13224852.71,1.010153921,13359136.82,
R84,PAMI-305_human_HDL_R84_0pt25ug_95min_20170130_QE.raw,sp|Q9UHG3|PCYOX_HUMAN,LVCSGLLQASK,light,31.75,32.58,14988378,15652,14972726,1.59597E+11,1.03992582,15570524.36,1.10749912,17244342.03,
R98,PAMI-305_human_HDL_R98_0pt25ug_95min_20170131_QE.raw,sp|Q9UHG3|PCYOX_HUMAN,LVCSGLLQASK,light,32.48,33.32,16132438,0,16132438,1.79092E+11,0.926723685,14950312.39,1.025839341,15336618.61,
